<?xml version="1.0" encoding="UTF-8"?>
<beans xmlns="http://www.springframework.org/schema/beans"
   xmlns:xsi="http://www.w3.org/2001/XMLSchema-instance"
   xmlns:mybatis-spring="http://mybatis.org/schema/mybatis-spring"
   xmlns:context="http://www.springframework.org/schema/context"
   xmlns:aop="http://www.springframework.org/schema/aop"
   xmlns:tx="http://www.springframework.org/schema/tx"
   xsi:schemaLocation="http://mybatis.org/schema/mybatis-spring http://mybatis.org/schema/mybatis-spring-1.2.xsd
      http://www.springframework.org/schema/beans https://www.springframework.org/schema/beans/spring-beans.xsd
      http://www.springframework.org/schema/context http://www.springframework.org/schema/context/spring-context-4.3.xsd
      http://www.springframework.org/schema/aop http://www.springframework.org/schema/aop/spring-aop-4.3.xsd
      http://www.springframework.org/schema/tx http://www.springframework.org/schema/tx/spring-tx-4.3.xsd">
   
   <!-- Root Context: defines shared resources visible to all other web components -->
      <!-- Root Context: defines shared resources visible to all other web components -->
   
   <bean id="hikariConfig" class="com.zaxxer.hikari.HikariConfig">
      <property name="driverClassName"
         value="net.sf.log4jdbc.sql.jdbcapi.DriverSpy"></property>
      <property name="jdbcUrl"
         value="jdbc:log4jdbc:oracle:thin:@localhost:1521:XE"></property>
      <property name="username" value="scott"></property>
      <property name="password" value="tiger"></property>
   </bean>

   <!-- HikariCP configuration -->
   <bean id="dataSource" class="com.zaxxer.hikari.HikariDataSource"
      destroy-method="close">
      <constructor-arg ref="hikariConfig" />
   </bean>

   <!-- 1.번방법을 위하여 mapperLocations 을 추가 함 -->
   <bean id="sqlSessionFactory" class="org.mybatis.spring.SqlSessionFactoryBean">
      <property name="dataSource" ref="dataSource"/>
<property name="mapperLocations" value="classpath:/sqlmap/*.xml" /> 
   </bean>
   
   <!-- 1번 방식 사용을 위한 sqlSession -->
   <bean id="sqlSession" class="org.mybatis.spring.SqlSessionTemplate">
      <constructor-arg index="0" ref="sqlSessionFactory" />
   </bean>
   
   <!-- 트랜잭션 처리 -->
   <bean id="transactionManager" class="org.springframework.jdbc.datasource.DataSourceTransactionManager">
        <property name="dataSource" ref="dataSource" />
    </bean>
    
   <tx:annotation-driven transaction-manager="transactionManager" />

   <mybatis-spring:scan
      base-package="edu.kosmo.ex.mapper" />

    <context:component-scan
      base-package="edu.kosmo.ex.service"></context:component-scan>
      
    <context:component-scan
      base-package="edu.kosmo.ex.aop"></context:component-scan>
      
   <aop:aspectj-autoproxy></aop:aspectj-autoproxy>
      
</beans>