<?xml version="1.0" encoding="UTF-8"?>
<beans xmlns="http://www.springframework.org/schema/beans"
	xmlns:xsi="http://www.w3.org/2001/XMLSchema-instance"
	xmlns:mybatis-spring="http://mybatis.org/schema/mybatis-spring"
	xsi:schemaLocation="http://mybatis.org/schema/mybatis-spring http://mybatis.org/schema/mybatis-spring-1.2.xsd
		http://www.springframework.org/schema/beans https://www.springframework.org/schema/beans/spring-beans.xsd">
	
	<bean id="hikariConfig" class="com.zaxxer.hikari.HikariConfig">
		<property name="driverClassName"
			value="net.sf.log4jdbc.sql.jdbcapi.DriverSpy"></property>
		<property name="jdbcUrl"
			value="jdbc:log4jdbc:oracle:thin:@localhost:1521:XE"></property>
		<property name="username" value="scott"></property>
		<property name="password" value="tiger"></property>
	</bean>

	<!-- HikariCP configuration -->
	<bean id="dataSource" class="com.zaxxer.hikari.HikariDataSource"
		destroy-method="close">
		<constructor-arg ref="hikariConfig" />
	</bean>
	
	<bean id="sqlSessionFactory"
      class="org.mybatis.spring.SqlSessionFactoryBean">
      <property name="dataSource" ref="dataSource"></property>
   	  <property name="mapperLocations" value="classpath:/sqlmap/*.xml" /> 
   </bean>
   
   <!--    Mapper Interface -->
   <mybatis-spring:scan base-package="edu.kosmo.ex.mapper"/> 
		
</beans>