<?xml version="1.0" encoding="UTF-8"?>
<!DOCTYPE log4j:configuration SYSTEM "http://logging.apache.org/log4j/1.2/apidocs/org/apache/log4j/xml/doc-files/log4j.dtd">
<log4j:configuration xmlns:log4j="http://jakarta.apache.org/log4j/">

	<!-- Appenders -->
	<appender name="console" class="org.apache.log4j.ConsoleAppender">
		<param name="Target" value="System.out" />
		<layout class="org.apache.log4j.PatternLayout">
			<param name="ConversionPattern" value="%-5p: %c - %m%n" />
		</layout>
	</appender>
	
	<!-- Application Loggers -->
	<logger name="edu.bit.ex">
		<level value="info" />
	</logger>
	
	<!-- 3rdparty Loggers -->
	<logger name="org.springframework.core">
		<level value="info" />
	</logger>
	
	<logger name="org.springframework.beans">
		<level value="info" />
	</logger>
	
	<logger name="org.springframework.context">
		<level value="info" />
	</logger>

	<logger name="org.springframework.web">
		<level value="info" />
	</logger>

<!-- Query Loggers -->
    <logger name="jdbc.sqlonly" additivity="false">
        <level value="INFO" />
        <appender-ref ref="console" />
        <appender-ref ref="rollingAppender" />
    </logger>
    <logger name="jdbc.resultsettable" additivity="false">
        <level value="INFO" />
        <appender-ref ref="console" />
    </logger>
    <logger name="jdbc.sqltiming" additivity="false">
        <level value="INFO" />  
           <!--  <appender-ref ref="console"/>  -->
    </logger>
    <logger name="jdbc.resultset" additivity="false">
        <level value="DEBUG" />
    </logger>
    <logger name="jdbc.audit" additivity="false">
        <level value="DEBUG" />
    </logger> 
    
	<!-- Root Logger -->
	<root>
		<priority value="warn" />
		<appender-ref ref="console" />
	</root>
	
</log4j:configuration>
