<?xml version="1.0" encoding="UTF-8"?>
<beans:beans xmlns="http://www.springframework.org/schema/security"
    xmlns:beans="http://www.springframework.org/schema/beans"
	xmlns:xsi="http://www.w3.org/2001/XMLSchema-instance"
	xsi:schemaLocation="http://www.springframework.org/schema/security http://www.springframework.org/schema/security/spring-security.xsd
		http://www.springframework.org/schema/beans http://www.springframework.org/schema/beans/spring-beans-4.3.xsd">
    
    <!-- 검사 URL -->
    <http auto-config="true" use-expressions="true">
        <intercept-url pattern="/" access="permitAll" />
        
        <form-login 
                    default-target-url="/"
		/>        
         
    </http>    
    
    <beans:bean id="customNoOpPasswordEncoder" class="edu.kosmo.ex.security.CustomNoOpPasswordEncoder"/> 
    <beans:bean id="customUserDetailsService" class="edu.kosmo.ex.security.CustomUserDetailsService"/> 
    
    <!-- BLAKE 7698 -->
    <!--  provider  -->
      <authentication-manager>
        <authentication-provider user-service-ref="customUserDetailsService">
        <password-encoder ref="customNoOpPasswordEncoder"/> 
        </authentication-provider>
    </authentication-manager> 

</beans:beans>