<?xml version="1.0" encoding="UTF-8"?>
<beans:beans xmlns="http://www.springframework.org/schema/mvc"
	xmlns:xsi="http://www.w3.org/2001/XMLSchema-instance"
	xmlns:beans="http://www.springframework.org/schema/beans"
	xmlns:context="http://www.springframework.org/schema/context"
	xsi:schemaLocation="http://www.springframework.org/schema/mvc https://www.springframework.org/schema/mvc/spring-mvc.xsd
		http://www.springframework.org/schema/beans https://www.springframework.org/schema/beans/spring-beans.xsd
		http://www.springframework.org/schema/context https://www.springframework.org/schema/context/spring-context.xsd">

	<!-- DispatcherServlet Context: defines this servlet's request-processing infrastructure -->
	
	<!-- Enables the Spring MVC @Controller programming model -->
	<annotation-driven />

	<!-- Handles HTTP GET requests for /resources/** by efficiently serving up static resources in the ${webappRoot}/resources directory -->
	<resources mapping="/resources/**" location="/resources/" />
	<resources mapping="/resources/Groco_temp/**" location="/resources/Groco_temp/" />
	<resources mapping="/resources/grocerywebsite/**" location="/resources/grocerywebsite/" />
	<!--  
	<resources mapping="/resources/travelwebsite/**" location="/resources/travelwebsite/" />
	<resources mapping="/resources/travelwebsite/css/style.css" location="/resources/travelwebsite/css/" />
	<resources mapping="/resources/travelwebsite/images/**" location="/resources/travelwebsite/images/" />
	<resources mapping="/resources/travelwebsite/js/script.js" location="/resources/travelwebsite/js/" />
	
	<resources mapping="/resources/vendor/**" location="/resources/vendor/" />
	<resources mapping="/resources/css/sb-admin-2.css" location="/resources/css/" />
	<resources mapping="/resources/css/sb-admin-2.min.css" location="/resources/css/" />
	<resources mapping="/resources/js/**" location="/resources/js/" />
	-->

	<!-- Resolves views selected for rendering by @Controllers to .jsp resources in the /WEB-INF/views directory -->
	<beans:bean class="org.springframework.web.servlet.view.InternalResourceViewResolver">
		<beans:property name="prefix" value="/WEB-INF/views/" />
		<beans:property name="suffix" value=".jsp" />
	</beans:bean>
	<!-- 파일 업로드 설정 -->
	<beans:bean id="multipartResolver"
		class="org.springframework.web.multipart.commons.CommonsMultipartResolver">
		<!-- 파일 사이즈 설정 가능 byte 단위
		<property name="maxUploadSize" value="100000" />
		-->
	</beans:bean>
	
	<context:component-scan base-package="edu.kosmo.kht" />
	
	
	
</beans:beans>
