<?xml version="1.0" encoding="UTF-8" ?>
<!DOCTYPE mapper
	PUBLIC "-//mybatis.org//DTD Mapper 3.0//EN"
	"http://mybatis.org/dtd/mybatis-3-mapper.dtd">

<mapper namespace="edu.kosmo.kht.mapper.UserMapper">

	<resultMap id="userMap" type="edu.kosmo.kht.vo.UserVO">
	    <result property="userid" column="userid"/> <!-- 칼럼은 디비에 있는 칼럼명이 온다, property는 UserVO에있는 변수명 -->
	    <result property="password" column="password"/>
	    <result property="name" column="name"/>
	    <result property="age" column="age"/>
	    <result property="job" column="job"/>
	    <result property="grade" column="grade"/>
	    <result property="mileage" column="mileage"/>
		<collection property="authList" resultMap="authMap"></collection> <!-- private List<AuthVO> authList; 처리 -->
	</resultMap>
	
	<resultMap id="authMap" type="edu.kosmo.kht.vo.AuthVO">
		<result property="userid" column="userid"/>
		<result property="authority" column="authority"/>
	</resultMap>
	
	<select id="getUser" resultMap="userMap"> <!--  resultMap : 1:n 처리 -->
		select * from member , authorities 
		where member.userid = authorities.userid and member.userid = #{userid}
	</select>
	

</mapper>
