<?xml version="1.0" encoding="UTF-8"?>
<beans:beans
	xmlns="http://www.springframework.org/schema/security"
	xmlns:beans="http://www.springframework.org/schema/beans"
	xmlns:xsi="http://www.w3.org/2001/XMLSchema-instance"
	xsi:schemaLocation="http://www.springframework.org/schema/security http://www.springframework.org/schema/security/spring-security.xsd
		http://www.springframework.org/schema/beans http://www.springframework.org/schema/beans/spring-beans.xsd">


	<http>
		<intercept-url pattern="/security/all" access="permitAll" />
		<intercept-url pattern="/security/member" access="hasRole('ROLE_MEMBER')" /> <!-- 'ROLE_MEMBER'권한을 가진사람만! -->
		<intercept-url pattern="/security/admin" access="hasRole('ROLE_ADMIN')" />  
		<form-login />
	</http>

	<authentication-manager>
		<authentication-provider>
			<user-service>
				<user name="member" password="{noop}member" authorities="ROLE_MEMBER" />
				<user name="admin" password="{noop}admin" authorities="ROLE_MEMBER,ROLE_ADMIN" />
			</user-service>
		</authentication-provider>
	</authentication-manager>

</beans:beans>
