<?xml version="1.0" encoding="UTF-8"?>
<beans:beans
	xmlns="http://www.springframework.org/schema/security"
	xmlns:beans="http://www.springframework.org/schema/beans"
	xmlns:xsi="http://www.w3.org/2001/XMLSchema-instance"
	xsi:schemaLocation="http://www.springframework.org/schema/security http://www.springframework.org/schema/security/spring-security.xsd
		http://www.springframework.org/schema/beans http://www.springframework.org/schema/beans/spring-beans.xsd">

	<http>
		<intercept-url pattern="/security/all" access="permitAll" />
		<intercept-url pattern="/security/member" access="hasRole('ROLE_MEMBER')" /> 
		<intercept-url pattern="/security/admin" access="hasRole('ROLE_ADMIN')" />  
		<!-- 이건 디폴트! 기본 로그인 페이지 그래서 이걸 자기걸로 커스터마이징 하겠다는 것! -->
		<!-- 로그인 페이지 커스텀 화 -->
		<!-- <form-login/> -->
		
		<form-login login-page="/login/loginForm"
              default-target-url="/"
              authentication-failure-url="/login/loginForm?error"
              username-parameter="username"
              password-parameter="password" />
              
		
		
		<!-- 403 에러 처리 -->
		<access-denied-handler error-page="/security/accessError"/>
	</http>
	
	<authentication-manager>
	  
	  <authentication-provider> 
	    
	    <user-service> 
	      <user name="member" password="{noop}member" authorities="ROLE_MEMBER" /> 
	      <user name="admin" password="{noop}admin" authorities="ROLE_MEMBER,ROLE_ADMIN" /> 
	    </user-service>
	     
	  </authentication-provider>
		
	</authentication-manager>



</beans:beans>