<?xml version="1.0" encoding="UTF-8"?>
<beans xmlns="http://www.springframework.org/schema/beans"
	xmlns:xsi="http://www.w3.org/2001/XMLSchema-instance"
	xmlns:context="http://www.springframework.org/schema/context"
	xmlns:mybatis-spring="http://mybatis.org/schema/mybatis-spring"
	xsi:schemaLocation="http://mybatis.org/schema/mybatis-spring http://mybatis.org/schema/mybatis-spring-1.2.xsd
		http://www.springframework.org/schema/beans https://www.springframework.org/schema/beans/spring-beans.xsd
		http://www.springframework.org/schema/context http://www.springframework.org/schema/context/spring-context-4.3.xsd">
	
	<!-- Root Context: defines shared resources visible to all other web components -->
	<bean id="hikariConfig" class="com.zaxxer.hikari.HikariConfig">
		<property name="driverClassName"
			value="net.sf.log4jdbc.sql.jdbcapi.DriverSpy"></property>
		<property name="jdbcUrl"
			value="jdbc:log4jdbc:oracle:thin:@localhost:1521:XE"></property>
		<property name="username" value="kht0705"></property>
		<property name="password" value="taek"></property>
	</bean>
	
	<!-- HikariCP configuration -->
	<bean id="dataSource" class="com.zaxxer.hikari.HikariDataSource" destroy-method="close">
		<constructor-arg ref="hikariConfig" />
	</bean>
	
<!-- 	<bean id="sqlSessionFactory" class="org.mybatis.spring.SqlSessionFactoryBean">
		<property name="dataSource" ref="dataSource"></property>
	</bean> -->

	<!-- mapperLocations을 특별히 지정하기 -->
	<bean id="sqlSessionFactory" class="org.mybatis.spring.SqlSessionFactoryBean">
		<property name="dataSource" ref="dataSource"/>
		<property name="mapperLocations" value="classpath:/sqlmap/*.xml" /> 
	</bean>
	
	<bean id="sqlSession" class="org.mybatis.spring.SqlSessionTemplate">
		<constructor-arg index="0" ref="sqlSessionFactory" />
	</bean>
	<bean id="multipartResolver" class="org.springframework.web.multipart.commons.CommonsMultipartResolver">
	  <property name="maxUploadSize" value="104857600"/>
	  <property name="maxInMemorySize" value="102400"/>
	  <property name="defaultEncoding" value="utf-8"/>
	</bean>

	
	<!-- mybatis:scan 해당 패키지 밑에 인터페이스는 전부 Mapper로 인식 -->
	<mybatis-spring:scan base-package="edu.kosmo.kht.mapper" />
	
	<!-- mybatis:scan 해당 패키지 밑에 있는 특정 인터페이스만 Mapper로 인식 -->
	<!--  <mybatis-spring:scan base-package="edu.kosmo.kht.*"  /> -->
	
	<!-- @Component, @Repository, @Service, @Controller, @RestController,-->	
	<!--  <context:component-scan base-package="edu.kosmo.ex.service" /> -->
	
	
		
</beans>

